{"cameraMode":{"drawMode":0,"name":"Shaded","section":"Shading Mode"},"sceneLighting":false,"audioPlay":false,"sceneViewState":{"showFog":true,"showMaterialUpdate":false,"showSkybox":false,"showFlares":true,"showImageEffects":true,"showParticleSystems":true},"in2DMode":false,"pivot":{"x":-0.44805777072906496,"y":-2.224249839782715,"z":0.7896137237548828},"rotation":{"x":0.43078312277793887,"y":-0.03924015164375305,"z":0.018753519281744958,"w":0.9014132618904114},"size":18.43185043334961,"orthographic":false}