{"cameraMode":{"drawMode":0,"name":"Shaded","section":"Shading Mode"},"sceneLighting":true,"audioPlay":false,"sceneViewState":{"showFog":true,"showMaterialUpdate":false,"showSkybox":false,"showFlares":true,"showImageEffects":true,"showParticleSystems":true},"in2DMode":false,"pivot":{"x":-4.029716491699219,"y":-3.4645612239837648,"z":-0.7945964336395264},"rotation":{"x":-0.37561437487602236,"y":0.41221123933792117,"z":-0.19169330596923829,"w":-0.8076553344726563},"size":4.175352573394775,"orthographic":false}