{"cameraMode":{"drawMode":0,"name":"Shaded","section":"Shading Mode"},"sceneLighting":false,"audioPlay":false,"sceneViewState":{"showFog":true,"showMaterialUpdate":false,"showSkybox":false,"showFlares":true,"showImageEffects":true,"showParticleSystems":true},"in2DMode":false,"pivot":{"x":7.248235702514648,"y":-22.798267364501954,"z":-24.206531524658204},"rotation":{"x":0.0431840680539608,"y":0.9156387448310852,"z":-0.3863808214664459,"w":0.10233302414417267},"size":52.339141845703128,"orthographic":false}