{"cameraMode":{"drawMode":0,"name":"Shaded","section":"Shading Mode"},"sceneLighting":false,"audioPlay":false,"sceneViewState":{"showFog":true,"showMaterialUpdate":false,"showSkybox":false,"showFlares":true,"showImageEffects":true,"showParticleSystems":true},"in2DMode":false,"pivot":{"x":-0.5498964786529541,"y":-0.8838906288146973,"z":1.849907398223877},"rotation":{"x":0.39851319789886477,"y":0.23246979713439942,"z":-0.10515539348125458,"w":0.8809765577316284},"size":9.110151290893555,"orthographic":false}