{"cameraMode":{"drawMode":0,"name":"Shaded","section":"Shading Mode"},"sceneLighting":false,"audioPlay":false,"sceneViewState":{"showFog":true,"showMaterialUpdate":false,"showSkybox":false,"showFlares":true,"showImageEffects":true,"showParticleSystems":true},"in2DMode":false,"pivot":{"x":-9.364473342895508,"y":-7.706207275390625,"z":-0.07793673872947693},"rotation":{"x":0.2440016120672226,"y":-0.65970379114151,"z":0.2406751662492752,"w":0.6688636541366577},"size":8.201726913452149,"orthographic":false}