{"cameraMode":{"drawMode":0,"name":"Shaded","section":"Shading Mode"},"sceneLighting":false,"audioPlay":false,"sceneViewState":{"showFog":true,"showMaterialUpdate":false,"showSkybox":false,"showFlares":true,"showImageEffects":true,"showParticleSystems":true},"in2DMode":false,"pivot":{"x":0.777930736541748,"y":-2.4371800422668459,"z":0.2627980709075928},"rotation":{"x":0.6086086630821228,"y":-0.0035721787717193367,"z":0.0027443214785307647,"w":0.7934646010398865},"size":10.270454406738282,"orthographic":false}