{"cameraMode":{"drawMode":0,"name":"Shaded","section":"Shading Mode"},"sceneLighting":false,"audioPlay":false,"sceneViewState":{"showFog":true,"showMaterialUpdate":false,"showSkybox":false,"showFlares":true,"showImageEffects":true,"showParticleSystems":true},"in2DMode":false,"pivot":{"x":-1.8211283683776856,"y":-2.085996627807617,"z":3.606597423553467},"rotation":{"x":0.2661895155906677,"y":-0.2673841714859009,"z":0.07712149620056153,"w":0.9228872656822205},"size":12.373943328857422,"orthographic":false}