{"cameraMode":{"drawMode":0,"name":"Shaded","section":"Shading Mode"},"sceneLighting":false,"audioPlay":false,"sceneViewState":{"showFog":true,"showMaterialUpdate":false,"showSkybox":false,"showFlares":true,"showImageEffects":true,"showParticleSystems":true},"in2DMode":false,"pivot":{"x":-0.37877655029296877,"y":1.65966796875,"z":-1.14111328125},"rotation":{"x":0.3609761595726013,"y":0.004190347623080015,"z":-0.0016313689993694425,"w":0.9325878024101257},"size":5.079354763031006,"orthographic":true}