{"cameraMode":{"drawMode":0,"name":"Shaded","section":"Shading Mode"},"sceneLighting":false,"audioPlay":false,"sceneViewState":{"showFog":true,"showMaterialUpdate":false,"showSkybox":false,"showFlares":true,"showImageEffects":true,"showParticleSystems":true},"in2DMode":false,"pivot":{"x":0.34843748807907107,"y":0.34843748807907107,"z":0.34843751788139346},"rotation":{"x":0.22547990083694459,"y":0.5054684281349182,"z":-0.13868020474910737,"w":0.8212813138961792},"size":2.6167502403259279,"orthographic":false}