{"cameraMode":{"drawMode":0,"name":"Shaded","section":"Shading Mode"},"sceneLighting":false,"audioPlay":false,"sceneViewState":{"showFog":true,"showMaterialUpdate":false,"showSkybox":false,"showFlares":true,"showImageEffects":true,"showParticleSystems":true},"in2DMode":false,"pivot":{"x":-1.6939258575439454,"y":-0.30498290061950686,"z":0.05111931264400482},"rotation":{"x":-0.18948952853679658,"y":0.6755819916725159,"z":-0.1860969364643097,"w":-0.6878299117088318},"size":1.876281976699829,"orthographic":false}