{"cameraMode":{"drawMode":0,"name":"Shaded","section":"Shading Mode"},"sceneLighting":false,"audioPlay":false,"sceneViewState":{"showFog":true,"showMaterialUpdate":false,"showSkybox":false,"showFlares":true,"showImageEffects":true,"showParticleSystems":true},"in2DMode":false,"pivot":{"x":-0.41464996337890627,"y":0.72265625,"z":-3.9027099609375},"rotation":{"x":-0.6879530549049377,"y":-0.03715627267956734,"z":0.0353102870285511,"w":-0.7239664196968079},"size":10.746871948242188,"orthographic":true}