{"cameraMode":{"drawMode":0,"name":"Shaded","section":"Shading Mode"},"sceneLighting":false,"audioPlay":false,"sceneViewState":{"showFog":true,"showMaterialUpdate":false,"showSkybox":false,"showFlares":true,"showImageEffects":true,"showParticleSystems":true},"in2DMode":false,"pivot":{"x":-1.7630615234375,"y":1.08203125,"z":0.083984375},"rotation":{"x":0.14077278971672059,"y":0.031177211552858354,"z":-0.004442946519702673,"w":0.9895627498626709},"size":5.891149520874023,"orthographic":true}