{"cameraMode":{"drawMode":0,"name":"Shaded","section":"Shading Mode"},"sceneLighting":false,"audioPlay":false,"sceneViewState":{"showFog":true,"showMaterialUpdate":false,"showSkybox":false,"showFlares":true,"showImageEffects":true,"showParticleSystems":true},"in2DMode":false,"pivot":{"x":1.1872667074203492,"y":-0.06870508193969727,"z":-1.842292308807373},"rotation":{"x":0.610974907875061,"y":0.00593392550945282,"z":-0.004578940104693174,"w":0.7916201949119568},"size":9.598780632019043,"orthographic":false}