{"cameraMode":{"drawMode":0,"name":"Shaded","section":"Shading Mode"},"sceneLighting":false,"audioPlay":false,"sceneViewState":{"showFog":true,"showMaterialUpdate":false,"showSkybox":false,"showFlares":true,"showImageEffects":true,"showParticleSystems":true},"in2DMode":false,"pivot":{"x":-0.07776939868927002,"y":1.535170555114746,"z":-4.668369770050049},"rotation":{"x":0.398384690284729,"y":-0.015138077549636364,"z":0.006573477294296026,"w":0.9170827269554138},"size":4.041658401489258,"orthographic":false}