{"cameraMode":{"drawMode":0,"name":"Shaded","section":"Shading Mode"},"sceneLighting":true,"audioPlay":false,"sceneViewState":{"showFog":true,"showMaterialUpdate":false,"showSkybox":false,"showFlares":true,"showImageEffects":true,"showParticleSystems":true},"in2DMode":false,"pivot":{"x":1.243218183517456,"y":-2.6270508766174318,"z":1.1561663150787354},"rotation":{"x":-0.46199795603752139,"y":-0.015149746090173722,"z":0.007903744466602803,"w":-0.8867480158805847},"size":2.9753527641296388,"orthographic":false}